betase,naiv,set31,set30
beta,-17.282194419808334,-10.043679024340362,-13.647840061281931
se,3.6929260583803125,10.519176862929484,14.929688245614656
